"HostName","TaskName","Next Run Time","Status","Logon Mode","Last Run Time","Last Result","Author","Task To Run","Start In","Comment","Scheduled Task State","Run As User","Schedule Type"
"SRV01","\Backup Nightly","10/6/2026 2:00:00 AM","Ready","Interactive/Background","10/5/2026 2:00:00 AM","0","Contoso\admin","C:\Users\bob\AppData\Local\Temp\backup.exe /full","N/A","","Enabled","SYSTEM","Daily"
"HostName","TaskName","Next Run Time","Status","Logon Mode","Last Run Time","Last Result","Author","Task To Run","Start In","Comment","Scheduled Task State","Run As User","Schedule Type"
"SRV01","\Vendor Updater","10/6/2026 1:00:00 AM","Ready","Interactive/Background","10/5/2026 1:00:00 AM","0","Acme Corp","C:\Program Files\Acme Updater\update.exe --silent","N/A","","Enabled","SYSTEM","Daily"
"HostName","TaskName","Next Run Time","Status","Logon Mode","Last Run Time","Last Result","Author","Task To Run","Start In","Comment","Scheduled Task State","Run As User","Schedule Type"
"SRV01","\Disk Cleanup","N/A","Ready","Interactive/Background","10/4/2026 3:00:00 AM","1","Contoso\admin","""C:\Program Files\Cleanup\clean.exe"" /quiet","N/A","","Enabled","SYSTEM","Weekly"
"HostName","TaskName","Next Run Time","Status","Logon Mode","Last Run Time","Last Result","Author","Task To Run","Start In","Comment","Scheduled Task State","Run As User","Schedule Type"
"SRV01","\Microsoft\Windows\Defrag\ScheduledDefrag","N/A","Ready","Interactive/Background","10/4/2026 1:00:00 AM","0","Microsoft Corporation","%windir%\system32\defrag.exe -c -h -o -$","N/A","","Enabled","SYSTEM","Weekly"
"HostName","TaskName","Next Run Time","Status","Logon Mode","Last Run Time","Last Result","Author","Task To Run","Start In","Comment","Scheduled Task State","Run As User","Schedule Type"
"SRV01","\Old Task","N/A","Disabled","Interactive/Background","N/A","0","x","C:\Temp\old.exe","N/A","","Disabled","SYSTEM","Daily"
"HostName","TaskName","Next Run Time","Status","Logon Mode","Last Run Time","Last Result","Author","Task To Run","Start In","Comment","Scheduled Task State","Run As User","Schedule Type"
"SRV01","\User Sync","N/A","Ready","Interactive/Background","10/5/2026 9:00:00 AM","0","Contoso\bob","C:\Users\bob\sync.bat","N/A","","Enabled","CONTOSO\bob","Daily"
"HostName","TaskName","Next Run Time","Status","Logon Mode","Last Run Time","Last Result","Author","Task To Run","Start In","Comment","Scheduled Task State","Run As User","Schedule Type"
"SRV01","\Backup Nightly","10/6/2026 2:00:00 AM","Ready","Interactive/Background","10/5/2026 2:00:00 AM","0","Contoso\admin","C:\Users\bob\AppData\Local\Temp\backup.exe /full","N/A","","Enabled","SYSTEM","Daily"
